-- phpMyAdmin SQL Dump
-- version 4.9.0.1
-- https://www.phpmyadmin.net/
--
-- Host: 127.0.0.1
-- Generation Time: May 22, 2020 at 02:24 PM
-- Server version: 10.4.6-MariaDB
-- PHP Version: 7.3.9

SET SQL_MODE = "NO_AUTO_VALUE_ON_ZERO";
SET AUTOCOMMIT = 0;
START TRANSACTION;
SET time_zone = "+00:00";


/*!40101 SET @OLD_CHARACTER_SET_CLIENT=@@CHARACTER_SET_CLIENT */;
/*!40101 SET @OLD_CHARACTER_SET_RESULTS=@@CHARACTER_SET_RESULTS */;
/*!40101 SET @OLD_COLLATION_CONNECTION=@@COLLATION_CONNECTION */;
/*!40101 SET NAMES utf8mb4 */;

--
-- Database: `datamining`
--

-- --------------------------------------------------------

--
-- Table structure for table `detail_penduduk`
--

CREATE TABLE `detail_penduduk` (
  `id_detail` int(9) NOT NULL,
  `id_penduduk` int(9) NOT NULL,
  `usia` int(2) DEFAULT NULL,
  `berat_badan` float DEFAULT NULL,
  `status_sehat` enum('1','2','3','4') DEFAULT NULL,
  `tgl_update` date NOT NULL,
  `nomor_urut` int(11) NOT NULL DEFAULT 1
) ENGINE=InnoDB DEFAULT CHARSET=latin1;

--
-- Dumping data for table `detail_penduduk`
--

INSERT INTO `detail_penduduk` (`id_detail`, `id_penduduk`, `usia`, `berat_badan`, `status_sehat`, `tgl_update`, `nomor_urut`) VALUES
(1, 1, 22, 66, '2', '2019-12-28', 1),
(4, 4, 24, 50, '3', '2019-12-28', 1),
(5, 5, 23, 48, '3', '2019-12-28', 1),
(6, 6, 19, 50, '2', '2019-12-28', 1),
(7, 7, 18, 57, '4', '2019-12-28', 1),
(8, 8, 22, 67, '1', '2019-12-28', 1),
(9, 9, 20, 55, '1', '2019-12-28', 1),
(10, 10, 32, 44, '2', '2019-12-28', 1),
(11, 11, 30, 66, '2', '2019-12-28', 1),
(12, 12, 33, 45, '3', '2019-12-28', 1),
(13, 13, 29, 45, '3', '2019-12-28', 1),
(14, 14, 43, 47, '4', '2019-12-28', 1),
(15, 15, 56, 67, '1', '2019-12-28', 1),
(16, 16, 34, 55, '2', '2019-12-28', 1),
(17, 17, 22, 56, '4', '2019-12-28', 1),
(18, 18, 16, 44, '2', '2019-12-28', 1),
(19, 19, 16, 56, '2', '2019-12-28', 1),
(20, 20, 17, 58, '4', '2019-12-28', 1),
(21, 21, 17, 66, '1', '2019-12-28', 1),
(22, 22, 19, 66, '1', '2019-12-28', 1),
(23, 23, 22, 81, '4', '2019-12-28', 1),
(24, 24, 54, 55, '3', '2019-12-28', 1),
(25, 25, 11, 60, '2', '2019-12-28', 1),
(27, 27, 17, 70, '2', '2019-12-28', 1),
(28, 28, 17, 90, '4', '2019-12-28', 1),
(29, 29, 18, 44, '1', '2018-12-28', 1),
(30, 30, 18, 60, '2', '2018-12-28', 1),
(31, 31, 18, 45, '2', '2018-12-28', 1),
(32, 32, 18, 67, '1', '2018-12-28', 1),
(33, 33, 18, 62, '3', '2018-12-28', 1),
(34, 34, 18, 55, '3', '2018-12-28', 1),
(35, 35, 18, 56, '2', '2018-12-28', 1),
(36, 36, 18, 35, '4', '2018-12-28', 1),
(37, 37, 19, 38, '2', '2018-12-28', 1),
(38, 38, 19, 56, '2', '2018-12-28', 1),
(39, 39, 19, 46, '1', '2018-12-28', 1),
(40, 40, 19, 48, '3', '2018-12-28', 1),
(41, 41, 19, 49, '2', '2018-12-28', 1),
(42, 42, 19, 57, '4', '2018-12-28', 1),
(43, 43, 19, 50, '2', '2018-12-28', 1),
(44, 44, 19, 59, '3', '2018-12-28', 1),
(45, 45, 19, 49, '1', '2018-12-28', 1),
(46, 46, 20, 72, '2', '2018-12-28', 1),
(47, 47, 20, 83, '2', '2018-12-28', 1),
(48, 48, 21, 90, '1', '2018-12-28', 1),
(49, 49, 21, 48, '1', '2018-12-28', 1),
(50, 50, 22, 34, '2', '2018-12-28', 1),
(51, 51, 22, 55, '2', '2018-12-28', 1),
(52, 52, 22, 83, '2', '2018-12-28', 1),
(53, 53, 22, 44, '2', '2018-12-28', 1),
(54, 54, 22, 55, '1', '2018-12-28', 1),
(55, 55, 22, 66, '3', '2018-12-28', 1),
(56, 56, 22, 36, '4', '2018-12-28', 1),
(57, 57, 23, 50, '1', '2018-12-28', 1),
(58, 58, 23, 74, '2', '2018-12-28', 1),
(59, 59, 23, 57, '3', '2018-12-28', 1),
(60, 60, 23, 77, '4', '2018-12-28', 1),
(61, 61, 23, 80, '2', '2018-12-28', 1),
(62, 62, 23, 66, '3', '2018-12-28', 1),
(63, 63, 23, 60, '2', '2018-12-28', 1),
(64, 64, 24, 59, '2', '2018-12-28', 1),
(65, 65, 24, 70, '2', '2018-12-28', 1),
(66, 66, 24, 56, '1', '2018-12-28', 1),
(67, 67, 24, 58, '3', '2018-12-28', 1),
(68, 68, 24, 75, '3', '2018-12-28', 1),
(69, 69, 25, 44, '4', '2018-12-28', 1),
(70, 70, 25, 45, '2', '2018-12-28', 1),
(71, 71, 26, 44, '2', '2018-12-28', 1),
(72, 72, 26, 56, '2', '2018-12-28', 1),
(73, 73, 26, 50, '1', '2018-12-28', 1),
(74, 74, 26, 67, '4', '2018-12-28', 1),
(75, 75, 26, 98, '2', '2018-12-28', 1),
(76, 76, 26, 90, '2', '2018-12-28', 1),
(77, 77, 27, 45, '2', '2018-12-28', 1),
(78, 78, 28, 54, '1', '2018-12-28', 1),
(79, 79, 28, 53, '3', '2018-12-28', 1),
(80, 80, 28, 63, '4', '2018-12-28', 1),
(81, 81, 28, 42, '4', '2018-12-28', 1),
(82, 82, 28, 41, '1', '2018-12-28', 1),
(83, 83, 28, 53, '2', '2018-12-28', 1),
(84, 84, 28, 67, '2', '2018-12-28', 1),
(85, 85, 29, 54, '1', '2018-12-28', 1),
(86, 86, 29, 66, '3', '2018-12-28', 1),
(87, 87, 29, 77, '2', '2018-12-28', 1),
(88, 88, 29, 55, '3', '2018-12-28', 1),
(89, 89, 30, 84, '1', '2018-12-28', 1),
(90, 90, 30, 44, '1', '2018-12-28', 1),
(91, 91, 30, 56, '2', '2018-12-28', 1),
(92, 92, 30, 55, '2', '2018-12-28', 1),
(93, 93, 30, 55, '4', '2018-12-28', 1),
(94, 94, 30, 43, '2', '2018-12-28', 1),
(95, 95, 30, 44, '2', '2018-12-28', 1),
(96, 96, 31, 45, '1', '2018-12-28', 1),
(97, 97, 31, 46, '1', '2018-12-28', 1),
(98, 98, 31, 46, '3', '2018-12-28', 1),
(99, 99, 31, 45, '3', '2018-12-28', 1),
(100, 100, 31, 43, '2', '2018-12-28', 1),
(101, 101, 32, 56, '2', '2018-12-28', 1),
(102, 102, 32, 55, '2', '2018-12-28', 1),
(103, 103, 32, 54, '2', '2018-12-28', 1),
(104, 104, 32, 33, '1', '2018-12-28', 1),
(105, 105, 32, 33, '3', '2018-12-28', 1),
(106, 106, 33, 33, '2', '2018-12-28', 1),
(107, 107, 33, 34, '1', '2018-12-28', 1),
(108, 108, 33, 34, '3', '2018-12-28', 1),
(109, 109, 33, 34, '2', '2018-12-28', 1),
(110, 110, 33, 34, '4', '2018-12-28', 1),
(111, 111, 33, 35, '4', '2018-12-28', 1),
(112, 112, 33, 35, '3', '2018-12-28', 1),
(113, 113, 33, 35, '2', '2018-12-28', 1),
(114, 114, 33, 36, '3', '2018-12-28', 1),
(115, 115, 34, 36, '2', '2018-12-28', 1),
(116, 116, 34, 36, '2', '2018-12-28', 1),
(117, 117, 34, 37, '3', '2018-12-28', 1),
(118, 118, 35, 37, '1', '2018-12-28', 1),
(119, 119, 35, 37, '4', '2018-12-28', 1),
(120, 120, 35, 38, '4', '2018-12-28', 1),
(121, 121, 35, 38, '2', '2018-12-28', 1),
(122, 122, 35, 38, '2', '2018-12-28', 1),
(123, 123, 36, 39, '3', '2018-12-28', 1),
(124, 124, 36, 39, '2', '2018-12-28', 1),
(125, 125, 36, 39, '1', '2018-12-28', 1),
(126, 126, 36, 40, '1', '2018-12-28', 1),
(127, 127, 37, 40, '2', '2018-12-28', 1),
(128, 128, 37, 40, '1', '2018-12-28', 1),
(129, 129, 37, 40, '1', '2018-12-28', 1),
(130, 130, 38, 40, '2', '2018-12-28', 1),
(131, 131, 38, 41, '2', '2018-12-28', 1),
(132, 132, 38, 41, '2', '2018-12-28', 1),
(133, 133, 38, 41, '3', '2018-12-28', 1),
(134, 134, 38, 41, '4', '2018-12-28', 1),
(135, 135, 38, 41, '4', '2018-12-28', 1),
(136, 136, 39, 42, '4', '2018-12-28', 1),
(137, 137, 39, 42, '2', '2018-12-28', 1),
(138, 138, 39, 42, '2', '2018-12-28', 1),
(139, 139, 39, 42, '2', '2018-12-28', 1),
(140, 140, 39, 42, '1', '2018-12-28', 1),
(141, 141, 39, 42, '2', '2018-12-28', 1),
(142, 142, 39, 43, '3', '2018-12-28', 1),
(143, 143, 40, 43, '3', '2018-12-28', 1),
(144, 144, 40, 43, '2', '2018-12-28', 1),
(145, 145, 40, 43, '2', '2018-12-28', 1),
(146, 146, 40, 43, '2', '2018-12-28', 1),
(147, 147, 40, 44, '3', '2018-12-28', 1),
(148, 148, 40, 44, '3', '2018-12-28', 1),
(149, 149, 40, 44, '2', '2018-12-28', 1),
(150, 150, 40, 44, '2', '2018-12-28', 1),
(151, 151, 41, 44, '2', '2018-12-28', 1),
(152, 152, 41, 44, '2', '2018-12-28', 1),
(153, 153, 41, 44, '1', '2018-12-28', 1),
(154, 154, 41, 44, '4', '2018-12-28', 1),
(155, 155, 42, 44, '4', '2018-12-28', 1),
(156, 156, 42, 45, '2', '2018-12-28', 1),
(157, 157, 42, 45, '3', '2018-12-28', 1),
(158, 158, 42, 45, '3', '2018-12-28', 1),
(159, 159, 42, 45, '2', '2018-12-28', 1),
(160, 160, 42, 45, '2', '2018-12-28', 1),
(161, 161, 43, 45, '1', '2018-12-28', 1),
(162, 162, 43, 45, '1', '2018-12-28', 1),
(163, 163, 43, 45, '2', '2018-12-28', 1),
(164, 164, 43, 45, '2', '2018-12-28', 1),
(165, 165, 43, 45, '4', '2018-12-28', 1),
(166, 166, 43, 56, '3', '2018-12-28', 1),
(167, 167, 43, 56, '2', '2018-12-28', 1),
(168, 168, 43, 56, '2', '2018-12-28', 1),
(169, 169, 44, 46, '3', '2018-12-28', 1),
(170, 170, 44, 46, '4', '2018-12-28', 1),
(171, 171, 44, 46, '2', '2018-12-28', 1),
(172, 172, 44, 46, '2', '2018-12-28', 1),
(173, 173, 44, 46, '1', '2018-12-28', 1),
(174, 174, 45, 47, '2', '2018-12-28', 1),
(175, 175, 45, 47, '2', '2018-12-28', 1),
(176, 176, 45, 47, '4', '2018-12-28', 1),
(177, 177, 45, 47, '2', '2018-12-28', 1),
(178, 178, 45, 47, '2', '2018-12-28', 1),
(179, 179, 46, 48, '2', '2018-12-28', 1),
(180, 180, 46, 48, '4', '2018-12-28', 1),
(181, 181, 47, 48, '3', '2018-12-28', 1),
(182, 182, 47, 48, '2', '2018-12-28', 1),
(183, 183, 47, 49, '2', '2018-12-28', 1),
(184, 184, 47, 49, '3', '2018-12-28', 1),
(185, 185, 47, 49, '4', '2018-12-28', 1),
(186, 186, 47, 50, '4', '2018-12-28', 1),
(187, 187, 48, 50, '3', '2018-12-28', 1),
(188, 188, 48, 50, '3', '2018-12-28', 1),
(189, 189, 48, 50, '2', '2018-12-28', 1),
(190, 190, 49, 50, '2', '2018-12-28', 1),
(191, 191, 49, 51, '2', '2018-12-28', 1),
(192, 192, 49, 51, '2', '2018-12-28', 1),
(193, 193, 49, 51, '2', '2018-12-28', 1),
(194, 194, 49, 51, '1', '2018-12-28', 1),
(195, 195, 49, 51, '3', '2018-12-28', 1),
(196, 196, 49, 52, '2', '2018-12-28', 1),
(197, 197, 50, 52, '2', '2018-12-28', 1),
(198, 198, 50, 53, '1', '2018-12-28', 1),
(199, 199, 50, 53, '2', '2018-12-28', 1),
(200, 200, 50, 53, '2', '2018-12-28', 1),
(201, 201, 50, 53, '2', '2018-12-28', 1),
(202, 202, 50, 53, '2', '2018-12-28', 1),
(203, 203, 50, 53, '2', '2018-12-28', 1),
(204, 204, 50, 54, '3', '2018-12-28', 1),
(205, 205, 50, 54, '4', '2018-12-28', 1),
(206, 206, 50, 54, '2', '2018-12-28', 1),
(207, 207, 50, 54, '1', '2018-12-28', 1),
(208, 208, 50, 54, '3', '2018-12-28', 1),
(209, 209, 50, 54, '3', '2018-12-28', 1),
(210, 210, 51, 55, '1', '2018-12-28', 1),
(211, 211, 51, 55, '3', '2018-12-28', 1),
(212, 212, 51, 55, '1', '2018-12-28', 1),
(213, 213, 51, 55, '2', '2018-12-28', 1),
(214, 214, 51, 56, '2', '2018-12-28', 1),
(215, 215, 51, 56, '2', '2018-12-28', 1),
(216, 216, 51, 56, '2', '2018-12-28', 1),
(217, 217, 52, 56, '3', '2018-12-28', 1),
(218, 218, 52, 57, '2', '2018-12-28', 1),
(219, 219, 52, 57, '1', '2018-12-28', 1),
(220, 220, 52, 57, '2', '2018-12-28', 1),
(221, 221, 52, 57, '3', '2018-12-28', 1),
(222, 222, 53, 57, '2', '2018-12-28', 1),
(223, 223, 53, 58, '1', '2018-12-28', 1),
(224, 224, 53, 58, '2', '2018-12-28', 1),
(225, 225, 53, 58, '4', '2018-12-28', 1),
(226, 226, 53, 59, '2', '2018-12-28', 1),
(227, 227, 53, 59, '2', '2018-12-28', 1),
(228, 228, 53, 60, '3', '2018-12-28', 1),
(229, 229, 53, 60, '4', '2018-12-28', 1),
(230, 230, 53, 60, '2', '2018-12-28', 1),
(231, 231, 54, 60, '3', '2018-12-28', 1),
(232, 232, 54, 60, '3', '2018-12-28', 1),
(233, 233, 55, 62, '2', '2018-12-28', 1),
(234, 234, 55, 61, '1', '2018-12-28', 1),
(235, 235, 55, 61, '1', '2018-12-28', 1),
(236, 236, 55, 61, '2', '2018-12-28', 1),
(237, 237, 55, 61, '2', '2018-12-28', 1),
(238, 238, 55, 62, '2', '2018-12-28', 1),
(239, 239, 55, 62, '3', '2018-12-28', 1),
(240, 240, 56, 62, '2', '2018-12-28', 1),
(241, 241, 56, 63, '2', '2018-12-28', 1),
(242, 242, 56, 63, '3', '2018-12-28', 1),
(243, 243, 56, 63, '4', '2018-12-28', 1),
(244, 244, 57, 64, '2', '2018-12-28', 1),
(245, 245, 57, 64, '2', '2018-12-28', 1),
(246, 246, 57, 64, '3', '2018-12-28', 1),
(247, 247, 57, 64, '3', '2018-12-28', 1),
(248, 248, 57, 65, '2', '2018-12-28', 1),
(249, 249, 57, 65, '2', '2018-12-28', 1),
(250, 250, 57, 65, '1', '2018-12-28', 1),
(251, 251, 58, 65, '2', '2018-12-28', 1),
(252, 252, 58, 65, '2', '2018-12-28', 1),
(253, 253, 58, 66, '3', '2018-12-28', 1),
(254, 254, 58, 66, '2', '2018-12-28', 1),
(255, 255, 58, 66, '1', '2018-12-28', 1),
(256, 256, 58, 66, '4', '2018-12-28', 1),
(257, 257, 58, 67, '4', '2018-12-28', 1),
(258, 258, 59, 67, '3', '2018-12-28', 1),
(259, 259, 59, 67, '2', '2018-12-28', 1),
(260, 260, 59, 67, '1', '2018-12-28', 1),
(261, 261, 59, 67, '2', '2018-12-28', 1),
(262, 262, 59, 67, '3', '2018-12-28', 1),
(263, 263, 59, 67, '4', '2018-12-28', 1),
(264, 264, 59, 67, '2', '2018-12-28', 1),
(265, 265, 59, 67, '2', '2018-12-28', 1),
(266, 266, 60, 67, '2', '2018-12-28', 1),
(267, 267, 60, 68, '2', '2018-12-28', 1),
(268, 268, 60, 68, '3', '2018-12-28', 1),
(271, 269, 14, 68, '2', '2019-01-20', 1),
(272, 269, 16, 68, '1', '2019-01-21', 2),
(274, 269, 17, 69, '3', '2019-01-21', 3),
(275, 270, 19, 69, '2', '2019-01-22', 1),
(277, 271, 12, 69, '2', '2019-01-22', 1),
(278, 272, 15, 69, '2', '2019-01-22', 1),
(279, 269, 18, 70, '2', '2019-01-22', 4),
(280, 271, 16, 70, '4', '2019-01-22', 2),
(284, 273, 10, 70, '3', '2019-02-19', 1),
(285, 274, 22, 70, '3', '2019-02-19', 1),
(286, 275, 13, 70, '4', '2019-02-19', 1),
(287, 272, 22, 78, '4', '2019-02-19', 2),
(288, 270, 20, 76, '2', '2019-02-19', 2),
(289, 276, 11, 75, '1', '2019-02-19', 1),
(290, 277, 17, 77, '1', '2019-02-19', 1),
(291, 278, 25, 77, '1', '2019-02-19', 1),
(292, 279, 5, 75, '2', '2019-02-25', 1),
(293, 279, 6, 75, '2', '2019-02-25', 2),
(294, 1, 13, 77, '4', '2019-02-25', 2),
(295, 279, 8, 80, '4', '2019-02-25', 3);

-- --------------------------------------------------------

--
-- Table structure for table `penduduk`
--

CREATE TABLE `penduduk` (
  `id_penduduk` int(9) NOT NULL,
  `nama_penduduk` varchar(100) DEFAULT NULL,
  `jenis_kelamin` enum('L','P') DEFAULT NULL,
  `tgl_lahir` date DEFAULT NULL,
  `jenis_data` enum('0','1') NOT NULL DEFAULT '1'
) ENGINE=InnoDB DEFAULT CHARSET=latin1;

--
-- Dumping data for table `penduduk`
--

INSERT INTO `penduduk` (`id_penduduk`, `nama_penduduk`, `jenis_kelamin`, `tgl_lahir`, `jenis_data`) VALUES
(1, 'MUH FAIZ FAUZI', 'L', '2000-01-29', '0'),
(4, 'ASKA RASYA ALVARO', 'L', '2000-12-03', '0'),
(5, 'ASIFA PUTRI', 'P', '2003-12-02', '0'),
(6, 'CALISTA', 'P', '1995-12-02', '0'),
(7, 'BY FEBRIA RISTIA N', 'L', '1998-11-28', '0'),
(8, 'CATALEA KIMURA SCENZA', 'P', '1999-11-23', '0'),
(9, 'BY YANTINI', 'L', '2000-11-16', '0'),
(10, 'FELICIA KRISTA BELLA', 'P', '1978-11-14', '0'),
(11, 'AQILA', 'P', '1987-11-13', '0'),
(12, 'CITRA INDAH PANGESTU', 'P', '1986-11-08', '0'),
(13, 'NASIFA SYAFATUN NISSA', 'P', '1977-11-08', '0'),
(14, 'BY HARTINI\r\n', 'L', '2005-10-21', '0'),
(15, 'BY ISTRIANA\r\n', 'L', '2000-10-20', '0'),
(16, 'BY MARTHA KUSUMAWATI', 'L', '1999-10-05', '0'),
(17, 'BY LIA', 'L', '1976-10-04', '0'),
(18, 'NAILA AZZAHRA NA\r\n', 'P', '1995-10-02', '0'),
(19, 'BY ERA SURYANI', 'P', '1986-10-01', '0'),
(20, 'RAFFAN ASKA ZUAN S', 'L', '1990-09-17', '0'),
(21, 'ABIZAN', 'L', '1990-09-15', '0'),
(22, 'ADYAKSA AKBAR', 'L', '1998-09-12', '0'),
(23, 'FATIH MAARUF H', 'L', '1990-09-05', '0'),
(24, 'ANINDYA AIZKADIN', 'L', '1974-09-03', '0'),
(25, 'KHALISA PUTRI AFANDRI', 'P', '2001-09-02', '0'),
(26, 'STEVENDWI PUTRA', 'L', '1987-09-01', '0'),
(27, 'FATIH', 'L', '1989-08-27', '0'),
(28, 'RADITYA FIRMANSYAH', 'L', '1998-08-25', '0'),
(29, 'IQBAL PUTRA A', 'L', '1998-08-16', '0'),
(30, 'NAURA PUTRI AGUSTIN', 'P', '1998-08-16', '0'),
(31, 'GELSEA MEZZALUNA\r\n', 'P', '1998-08-07', '0'),
(32, 'GIBRAN', 'L', '1998-08-06', '0'),
(33, 'RENA FARIDA', 'P', '1998-07-28', '0'),
(34, 'CLARA GITHA', 'P', '1998-07-27', '0'),
(35, 'RIZAL WAHYU', 'L', '1998-07-22', '0'),
(36, 'RIZAL WAHYU', 'L', '2003-07-22', '0'),
(37, 'IMUTYA ZAIYBA', 'P', '2003-07-13', '0'),
(38, 'HAFIDZ AHMAD', 'L', '2003-07-12', '0'),
(39, 'BY EKO SUPRIYANI', 'L', '2003-07-03', '0'),
(40, 'VAREZA ZAHRA', 'L', '2003-06-26', '0'),
(41, 'DITA PUTRA RAMADHAN', 'P', '2003-06-26', '0'),
(42, 'KEINNARA', 'P', '2003-06-25', '0'),
(43, 'RAMADHAN', 'L', '2003-06-22', '0'),
(44, 'RAIHAN FADIL', 'L', '1988-06-20', '0'),
(45, 'GIVA ZAHRA AYU R', 'P', '1988-06-20', '0'),
(46, 'AGNES CHARISA', 'P', '1988-06-16', '0'),
(47, 'RAVASYA', 'P', '1988-06-14', '0'),
(48, 'PUTRA TRI GUNAWAN', 'L', '1988-04-29', '0'),
(49, 'KIRANA KARTIKA', 'P', '1988-04-24', '0'),
(50, 'RADITYA SEAN PRABA', 'L', '1988-04-17', '0'),
(51, 'KHOTIJAH UMI KHASANAH', 'P', '1988-04-14', '0'),
(52, 'YOHANRS ELIA W', 'P', '1988-04-12', '0'),
(53, 'M. MALIKA MAULANA', 'L', '2016-04-05', '0'),
(54, 'NABILA PUTRI\r\n', 'P', '2016-04-03', '0'),
(55, 'NARETA PUTRI K', 'P', '2016-03-26', '0'),
(56, 'SAFIRA AULIA A', 'P', '2016-03-23', '0'),
(57, 'HARUN AROZAD\r\n', 'L', '2016-03-12', '0'),
(58, 'ADETYA CATUR P\r\n', 'L', '2016-03-12', '0'),
(59, 'NAURA AIRA\r\n', 'P', '2016-03-12', '0'),
(60, 'AGNA YAKIN', 'L', '2016-03-08', '0'),
(61, 'JIBRAN RIZAL', 'L', '2016-03-02', '0'),
(62, 'ALFARISKI ADI NUGROHO', 'L', '2016-02-21', '0'),
(63, 'ANINDA CANTIK', 'P', '2016-02-20', '0'),
(64, 'NOVITA FEBRIANI', 'P', '2016-02-17', '0'),
(65, 'AVIANA YUDI', 'L', '2016-02-03', '0'),
(66, 'MUH AYDIN', 'L', '2016-02-02', '0'),
(67, 'MUH NAREL A', 'L', '2016-01-31', '0'),
(68, 'RIDWAN ADITYA', 'L', '2016-01-27', '0'),
(69, 'FARHAN SYBARA ILLAHI', 'L', '2015-12-29', '0'),
(70, 'DIFAN ISKANDAR', 'L', '2015-12-23', '0'),
(71, 'DHAVIN AZKA ALDRIK', 'L', '2015-12-18', '0'),
(72, 'MISWATI', 'P', '2015-12-17', '0'),
(73, 'BY NY YULIANA', 'L', '2015-12-16', '0'),
(74, 'KHAIRA ARSYIFA R', 'L', '2015-12-15', '0'),
(75, 'BY NY ANA SRI LESTARI', 'L', '2015-12-14', '0'),
(76, 'ANINDITA CYLVIA', 'P', '2015-12-10', '0'),
(77, 'BY NY TITIN K', 'L', '2015-10-26', '0'),
(78, 'KHOIRUNNISA AZZAHRA', 'P', '2015-10-20', '0'),
(79, 'KHAIRUNNISA RAHMAWATI', 'P', '2015-10-19', '0'),
(80, 'MUH RASYID MAULANA', 'L', '2015-10-18', '0'),
(81, 'AZZAHRA NUR FADILLLA', 'P', '2015-10-16', '0'),
(82, 'ANNISA AURELIA AZZAHRA', 'P', '2015-10-13', '0'),
(83, 'QIARA NAZELA DEVI', 'P', '2015-10-02', '0'),
(84, 'ATANI GAURIEL', 'P', '2015-09-27', '0'),
(85, '-', 'L', '2015-09-13', '0'),
(86, 'VANIA CANTIKA', 'P', '2015-09-05', '0'),
(87, '-', 'P', '2015-09-04', '0'),
(88, 'ALEXANDRIO', 'L', '2015-08-29', '0'),
(89, 'AQILA SAFIRA PUTRI', 'P', '2015-08-20', '0'),
(90, 'HASNA NANDITA Q', 'P', '2015-08-10', '0'),
(91, 'SYAFIRA ALYA A', 'P', '2015-08-05', '0'),
(92, 'NASWA TAHERA', 'P', '2015-08-04', '0'),
(93, 'DAFA MAHARDIKA', 'L', '2015-07-30', '0'),
(94, 'ADIBA SAKINA', 'L', '2015-07-25', '0'),
(95, 'FAUZAN RAMADANI', 'L', '2015-07-25', '0'),
(96, 'KAYLA FITRI ARYANI', 'P', '2015-07-16', '0'),
(97, 'KEYLA DEWI PUSPITASARI', 'P', '2016-07-07', '0'),
(98, 'M ROSYID AL G', 'L', '2015-07-06', '0'),
(99, 'JASMINAZZAHRA', 'P', '2015-06-28', '0'),
(100, 'ALLEYSIA AURORA R', 'P', '2015-06-23', '0'),
(101, 'KAIRA NASWA R', 'P', '2015-06-20', '0'),
(102, 'INTAN PUTRI M', 'P', '2015-06-18', '0'),
(103, 'M IRSYAD', 'L', '2015-06-13', '0'),
(104, 'DANANG R', 'L', '2015-06-12', '0'),
(105, 'ELSA SYAFIRA', 'P', '2015-05-27', '0'),
(106, 'HELMY', 'L', '2015-05-19', '0'),
(107, 'MATTEW FAJAR', 'L', '2015-05-17', '0'),
(108, 'ADIPUTRA DINATA', 'L', '2015-05-15', '0'),
(109, 'NIDA AL HUSNA', 'P', '2015-05-09', '0'),
(110, 'AISYAH PUTRI', 'P', '2015-05-08', '0'),
(111, 'FWLISA AMANDA', 'P', '2015-05-04', '0'),
(112, 'FLANARIA KEISHA', 'P', '2015-05-02', '0'),
(113, 'BY ENI RAHAYU', 'L', '2015-04-29', '0'),
(114, 'BY SRI REJEKI', 'L', '2015-04-28', '0'),
(115, 'BY ERNA KUSMIYATI', 'L', '2015-04-15', '0'),
(116, 'NATHANAEL THEO', 'L', '2015-04-11', '0'),
(117, 'BY NY SEPTI W 1', 'P', '2015-03-26', '0'),
(118, 'BY WAHYU A', 'P', '2015-03-09', '0'),
(119, 'GREYSIA GITHA', 'P', '2015-03-08', '0'),
(120, 'EMBUN ARUNA', 'P', '2015-03-01', '0'),
(121, 'BY NINIK', 'L', '2015-03-01', '0'),
(122, 'LATIFAH NUR', 'P', '2015-02-27', '0'),
(123, 'RAFAEL ADHI N', 'L', '2015-02-15', '0'),
(124, 'MAHATMA SEAL', 'L', '2015-02-14', '0'),
(125, 'RAIHAN JUNA ', 'L', '2015-01-29', '0'),
(126, 'FAIREL ATARIZ', 'L', '2015-01-25', '0'),
(127, 'CALISTA', 'P', '2015-01-05', '0'),
(128, 'BY NY ANDRI RETNO 1', 'P', '2015-01-02', '0'),
(129, 'PANDU EDO WIBISNO', 'L', '2014-12-30', '0'),
(130, 'AL HAFID MAHMUD', 'L', '2014-12-20', '0'),
(131, 'ARJUNA MAHERA DZIKRA', 'L', '2014-12-20', '0'),
(132, 'ANDRA HANAN', 'L', '2014-12-18', '0'),
(133, 'FAQIH AGAM', 'L', '2014-12-03', '0'),
(134, 'BY NY MULYA 1', 'P', '2014-12-03', '0'),
(135, 'ARIFA PUTRI', 'P', '2014-11-20', '0'),
(136, 'YUDAN TRI BINTARA', 'L', '2014-11-17', '0'),
(137, 'BY NY OKTIPA R', 'L', '2014-10-30', '0'),
(138, 'HASTIN', 'P', '2014-10-29', '0'),
(139, 'FAHRI', 'L', '2014-10-27', '0'),
(140, 'MUH EKA SAPUTRA', 'L', '2014-10-24', '0'),
(141, 'NAURA REVIYANA', 'P', '2014-10-23', '0'),
(142, 'NAFLA KANZA S', 'P', '2014-10-22', '0'),
(143, 'MELLODHIO W', 'L', '2014-10-20', '0'),
(144, 'NAFIZ ALFADILLAH', 'L', '2014-10-15', '0'),
(145, 'ADHY ASTA D', 'L', '2014-10-10', '0'),
(146, 'BAYU SURYAKRISNA A', 'L', '2014-10-09', '0'),
(147, 'NAYAL ISTIKHOTIMAH', 'P', '2014-09-25', '0'),
(148, 'BY NY THERESIA NURYANI 1', 'P', '2014-09-24', '0'),
(149, 'EVELLYN DAVINIA', 'P', '2014-09-21', '0'),
(150, 'KASIH NUGRAHAINI', 'P', '2014-09-20', '0'),
(151, 'GHALIB ADITYA', 'L', '2014-09-09', '0'),
(152, 'ALSELO HABIBI A', 'L', '2014-09-08', '0'),
(153, 'AKILA QUROTAAIUN', 'P', '2014-09-08', '0'),
(154, 'ELVITA KHUSNUL KHASANAH', 'P', '2014-08-26', '0'),
(155, 'MUH NAUFAL AFKAR', 'L', '2014-08-16', '0'),
(156, 'DIMAS SAPUTRA', 'L', '2014-08-08', '0'),
(157, 'MUH AZAM AL GHAZALI', 'L', '2014-08-05', '0'),
(158, 'FAIDA HASNA W', 'L', '2014-07-30', '0'),
(159, 'ALTHAF YASIFYA A', 'L', '2014-07-24', '0'),
(160, 'HANIF ALI MUKTI', 'L', '2014-07-21', '0'),
(161, 'ARGIAN ARIZKI R', 'L', '2014-07-17', '0'),
(162, 'NAJWA AZZAHRA P', 'P', '2014-07-06', '0'),
(163, 'ATTASYA ', 'P', '2014-07-06', '0'),
(164, 'BRIAN ARJUNA PUTRA', 'L', '2014-07-06', '0'),
(165, 'NAZWA VRESTIA NADIA', 'P', '2014-07-03', '0'),
(166, 'AINIYA FAIDA AZMI', 'P', '2014-06-25', '0'),
(167, 'SOFINA JASMIN', 'P', '2014-06-25', '0'),
(168, 'KEISYA NUR A', 'P', '2014-06-24', '0'),
(169, 'NURA ADELIA VIKA', 'P', '2014-06-09', '0'),
(170, 'KAYLA NESYA ZAFARANI', 'P', '2014-06-09', '0'),
(171, 'MATTEW VILVREDO A', 'L', '2014-05-30', '0'),
(172, 'ABBID AKILA P', 'L', '2014-05-25', '0'),
(173, 'ASWA AKILA ADYA', 'L', '2014-05-23', '0'),
(174, 'M WILDAN RADISTA HAKIM', 'L', '2014-05-18', '0'),
(175, 'RIZKI ANDREAN', 'L', '2014-05-17', '0'),
(176, 'WISNU SAPUTRA', 'L', '2014-05-16', '0'),
(177, 'AXELIA BERLY BELVANIA', 'P', '2014-05-12', '0'),
(178, 'NAUFAL ABIYAN R', 'L', '2014-05-11', '0'),
(179, 'FAJAR CAHYO S', 'L', '2014-04-18', '0'),
(180, 'KANIA PUTRI DADARI', 'P', '2014-04-14', '0'),
(181, 'RAIHAN ADI PUTRA', 'L', '2014-03-12', '0'),
(182, 'FAREL SETIYAWAN BK ', 'L', '2014-03-11', '0'),
(183, 'ADNAN DIAS ARDIANSYAH', 'L', '2014-03-09', '0'),
(184, 'AZZAM ', 'L', '2014-03-08', '0'),
(185, 'KRISNA PUTRA NUR D', 'L', '2014-02-28', '0'),
(186, 'ELIA CAHYANINGSIH', 'P', '2014-02-20', '0'),
(187, 'MISELLA JOSELIN', 'P', '2014-02-13', '0'),
(188, 'FEBBI NUR AFIFAH', 'P', '2014-02-02', '0'),
(189, 'ERLANDO ALFARO GAFFRIL', 'L', '2014-01-26', '0'),
(190, 'M IQBAL', 'L', '2014-01-16', '0'),
(191, 'APRI PRADITYA KURNIAWAN', 'L', '2014-01-07', '0'),
(192, 'AKILA KARISTA DEWI', 'P', '2014-01-04', '0'),
(193, 'AKSA ALDRICK', 'L', '2013-12-30', '0'),
(194, 'AKILA AINUR RIZKY', 'P', '2013-12-29', '0'),
(195, 'ARFIAN DWI SAPUTRO', 'L', '2013-12-23', '0'),
(196, 'ATALA NAILA PUTRI', 'P', '2013-12-23', '0'),
(197, 'KAILA CANTIKA DEWI', 'P', '2013-12-17', '0'),
(198, 'ALIYA CAHAYA A', 'L', '2013-12-13', '0'),
(199, 'M RIZKY ABDILLAH', 'L', '2013-12-12', '0'),
(200, 'DANAR DWI P', 'L', '2013-12-12', '0'),
(201, 'AISHAH NABILA SAFI', 'P', '2013-12-09', '0'),
(202, 'ALLESIA LUCY', 'P', '2013-12-08', '0'),
(203, 'M ZAID ABDRURAHMAN', 'L', '2013-12-05', '0'),
(204, 'ADRIL ALFARO GAVRIL', 'L', '2013-12-01', '0'),
(205, 'FATIMAH CAHAYA', 'P', '2013-11-29', '0'),
(206, 'DESI ANUGROHO', 'L', '2013-11-26', '0'),
(207, 'DIMAS FAUZI PUTRA', 'L', '2013-11-14', '0'),
(208, 'CAHAYA NOVIANI', 'P', '2013-11-22', '0'),
(209, 'AL ANAS', 'L', '2013-11-21', '0'),
(210, 'BINTANG LILIS SETYANI', 'P', '2013-11-18', '0'),
(211, 'AISYAH NUR AZIZAH', 'P', '2013-11-15', '0'),
(212, 'GRISELDA NOVA A', 'P', '2013-11-09', '0'),
(213, 'FIKA AMANDA', 'P', '2013-11-09', '0'),
(214, 'KAROLUS KLAUDILLA', 'P', '2013-11-06', '0'),
(215, 'STEFANY OKTAVIANA', 'P', '2013-10-20', '0'),
(216, 'STEFANI OKTAVIANA', 'P', '2013-10-20', '0'),
(217, 'ZULFA WAHYU MINARNI', 'P', '2013-10-16', '0'),
(218, 'NAUFAL ALFATH ALBIAN', 'L', '2013-10-15', '0'),
(219, 'AILA DEANDRA NEFIANA', 'P', '2013-10-09', '0'),
(220, 'FANIA ZULFA ALFARI', 'P', '2013-10-06', '0'),
(221, 'NAJMAY SHAROF SEKTA', 'P', '2013-09-25', '0'),
(222, 'AZALFAA FASELIA', 'P', '2013-09-19', '0'),
(223, 'NOUFAL ZAFIERI ARFA R', 'L', '2013-09-19', '0'),
(224, 'KENZO ALFARO P', 'L', '2013-09-18', '0'),
(225, 'EVAN DIMAS C', 'L', '2013-09-18', '0'),
(226, 'SAFA ZHAFIRA AYU', 'P', '2013-09-15', '0'),
(227, 'AGUNG MUKTI WIDODO', 'L', '2013-09-08', '0'),
(228, 'JOVAN SAPUTRA', 'L', '2013-09-03', '0'),
(229, 'ASKA ALDRIC PUTRA', 'L', '2013-08-30', '0'),
(230, 'FRANSISKUS BAGUS', 'L', '2013-08-29', '0'),
(231, 'BY NY ENDAR P 1', 'L', '2013-08-02', '0'),
(232, 'FAHYIM RAMADHAN', 'L', '2013-08-01', '0'),
(233, 'LABIBA', 'P', '2013-07-14', '0'),
(234, 'REZA RAMADHAN PUTRA', 'L', '2013-07-07', '0'),
(235, 'ARJUNA IBNU', 'L', '2013-07-07', '0'),
(236, 'NAURA BILQIS', 'P', '2013-07-07', '0'),
(237, 'MAULANA RAJENDRA', 'L', '2013-07-06', '0'),
(238, 'M DAI', 'L', '2013-06-27', '0'),
(239, 'CALISTA ASKA FAUZIAH', 'P', '2013-06-24', '0'),
(240, 'NIGELLA GUSTA A', 'L', '2013-06-05', '0'),
(241, 'HANDARA ALFEDRA P', 'L', '2013-05-31', '0'),
(242, 'MEISYAROH DWI A', 'P', '2013-05-28', '0'),
(243, 'ANGELINA KRISTIANI N', 'P', '2013-05-23', '0'),
(244, 'ANISA NUR', 'P', '2013-05-19', '0'),
(245, 'RENALDI MAHESA D C', 'L', '2013-05-19', '0'),
(246, 'NADA FANYA AYU', 'P', '2013-05-15', '0'),
(247, 'SYEINA AMIRA P', 'P', '2013-05-14', '0'),
(248, 'DESTY MEILANA N', 'P', '2013-05-13', '0'),
(249, 'REVITA LARASARI', 'P', '2013-05-11', '0'),
(250, 'RISELINA ', 'P', '2013-04-29', '0'),
(251, 'SYABIL AKILA MUSTAFA', 'L', '2013-04-19', '0'),
(252, 'AYUNING TIYAS L', 'P', '2013-04-13', '0'),
(253, 'FAREL ADI MAULANA', 'L', '2013-04-26', '0'),
(254, 'UNTI DEWI', 'P', '2013-04-04', '0'),
(255, 'RAKA FIKRI SUBEKTI', 'L', '2013-04-03', '0'),
(256, 'RAIHAN KAMSA NUR A ', 'P', '2013-04-02', '0'),
(257, 'HERJUNOD ADLY S', 'L', '2013-03-26', '0'),
(258, 'LIBEL SOMA APRILIANSAH', 'L', '2013-03-15', '0'),
(259, 'GANENDRA PRADANIS CALA', 'L', '2013-03-13', '0'),
(260, 'LUSIANA PUTRI NABILA', 'P', '2013-03-12', '0'),
(261, 'AKILLA SABRINA PUTRI', 'P', '2013-03-05', '0'),
(262, 'MUH ALFI MAULANA AL F', 'L', '2013-04-03', '0'),
(263, 'ELFRON PUTRA HERMANSYAH', 'L', '2013-03-01', '0'),
(264, 'MANDA SARI HITA', 'P', '2013-03-01', '0'),
(265, 'ROHMAT', 'L', '2013-02-25', '0'),
(266, 'FEBRIAN ADI PRATAMA', 'L', '2013-02-13', '0'),
(267, 'MUH FAIZ DWI SAPUTRA', 'L', '2013-02-11', '0'),
(268, 'ARIA RABILUL TSANI', 'L', '2013-02-08', '0'),
(269, 'AGUNG SUBROTO', 'L', '2018-08-08', '1'),
(270, 'PUTRI LESMANA', 'P', '2017-07-13', '1'),
(271, 'NURYANTO EKO', 'L', '2018-02-06', '1'),
(272, 'DAMAR YANTO', 'L', '2017-11-02', '1'),
(273, 'ARIANA GRANDE', 'P', '2016-08-17', '1'),
(274, 'SALSABILA', 'P', '2016-05-11', '1'),
(275, 'AHMAD ANWAR', 'L', '2017-10-18', '1'),
(276, 'IBRAHIM MOVIC', 'L', '2018-01-19', '1'),
(277, 'LUNA MAYA', 'P', '2017-08-16', '1'),
(278, 'INDAH LASMINI', 'P', '2018-05-10', '1'),
(279, 'Ikhsan', 'L', '2018-09-20', '1');

-- --------------------------------------------------------

--
-- Table structure for table `prediksi`
--

CREATE TABLE `prediksi` (
  `id_prediksi` int(9) NOT NULL,
  `id_penduduk` int(9) NOT NULL,
  `nilaik` int(2) NOT NULL,
  `hasil_prediksi` enum('1','2','3','4') NOT NULL,
  `tanggal` date NOT NULL
) ENGINE=InnoDB DEFAULT CHARSET=latin1;

--
-- Dumping data for table `prediksi`
--

INSERT INTO `prediksi` (`id_prediksi`, `id_penduduk`, `nilaik`, `hasil_prediksi`, `tanggal`) VALUES
(1, 269, 5, '2', '2020-01-22'),
(2, 269, 9, '2', '2020-01-22'),
(3, 269, 13, '2', '2020-01-22'),
(4, 269, 15, '2', '2020-01-22'),
(5, 270, 5, '1', '2020-01-22'),
(6, 270, 9, '2', '2020-01-22'),
(7, 270, 13, '2', '2020-01-22'),
(8, 270, 15, '2', '2020-01-22'),
(9, 271, 5, '4', '2020-01-22'),
(10, 271, 9, '4', '2020-01-22'),
(11, 271, 13, '4', '2020-01-22'),
(12, 271, 15, '4', '2020-01-22'),
(16, 272, 5, '3', '2020-01-22'),
(17, 272, 9, '3', '2020-01-22'),
(18, 272, 13, '3', '2020-01-22'),
(19, 272, 15, '2', '2020-01-22'),
(20, 273, 5, '3', '2020-01-22'),
(21, 273, 9, '3', '2019-01-22'),
(22, 273, 13, '3', '2019-01-22'),
(23, 273, 15, '2', '2019-01-22'),
(24, 274, 5, '2', '2020-01-22'),
(25, 274, 9, '2', '2020-01-22'),
(26, 274, 13, '2', '2020-01-22'),
(27, 274, 15, '2', '2020-01-22'),
(28, 275, 5, '1', '2020-01-22'),
(29, 275, 9, '4', '2019-02-19'),
(30, 275, 13, '4', '2019-02-19'),
(31, 275, 15, '4', '2019-02-19'),
(32, 276, 5, '1', '2019-02-19'),
(33, 276, 9, '1', '2019-02-19'),
(34, 276, 13, '1', '2019-02-19'),
(35, 276, 15, '1', '2019-02-19'),
(36, 277, 5, '2', '2019-02-19'),
(37, 277, 9, '2', '2019-02-19'),
(38, 277, 13, '2', '2019-02-19'),
(39, 277, 15, '2', '2019-02-19'),
(41, 278, 5, '1', '2019-02-19'),
(42, 278, 9, '1', '2019-02-25'),
(43, 278, 13, '1', '2019-02-19'),
(44, 278, 15, '1', '2019-02-19'),
(45, 10, 5, '2', '2019-12-12'),
(46, 10, 9, '2', '2019-12-12'),
(47, 17, 5, '4', '2019-12-12'),
(48, 5, 11, '2', '2020-05-19'),
(49, 5, 5, '1', '2020-05-22'),
(50, 5, 7, '2', '2020-05-21');

--
-- Indexes for dumped tables
--

--
-- Indexes for table `detail_penduduk`
--
ALTER TABLE `detail_penduduk`
  ADD PRIMARY KEY (`id_detail`),
  ADD KEY `id_balita` (`id_penduduk`);

--
-- Indexes for table `penduduk`
--
ALTER TABLE `penduduk`
  ADD PRIMARY KEY (`id_penduduk`);

--
-- Indexes for table `prediksi`
--
ALTER TABLE `prediksi`
  ADD PRIMARY KEY (`id_prediksi`),
  ADD KEY `id_balita` (`id_penduduk`);

--
-- AUTO_INCREMENT for dumped tables
--

--
-- AUTO_INCREMENT for table `detail_penduduk`
--
ALTER TABLE `detail_penduduk`
  MODIFY `id_detail` int(9) NOT NULL AUTO_INCREMENT, AUTO_INCREMENT=296;

--
-- AUTO_INCREMENT for table `penduduk`
--
ALTER TABLE `penduduk`
  MODIFY `id_penduduk` int(9) NOT NULL AUTO_INCREMENT, AUTO_INCREMENT=280;

--
-- AUTO_INCREMENT for table `prediksi`
--
ALTER TABLE `prediksi`
  MODIFY `id_prediksi` int(9) NOT NULL AUTO_INCREMENT, AUTO_INCREMENT=51;

--
-- Constraints for dumped tables
--

--
-- Constraints for table `detail_penduduk`
--
ALTER TABLE `detail_penduduk`
  ADD CONSTRAINT `detail_penduduk_ibfk_1` FOREIGN KEY (`id_penduduk`) REFERENCES `penduduk` (`id_penduduk`) ON DELETE NO ACTION ON UPDATE CASCADE;

--
-- Constraints for table `prediksi`
--
ALTER TABLE `prediksi`
  ADD CONSTRAINT `prediksi_ibfk_1` FOREIGN KEY (`id_penduduk`) REFERENCES `penduduk` (`id_penduduk`);
COMMIT;

/*!40101 SET CHARACTER_SET_CLIENT=@OLD_CHARACTER_SET_CLIENT */;
/*!40101 SET CHARACTER_SET_RESULTS=@OLD_CHARACTER_SET_RESULTS */;
/*!40101 SET COLLATION_CONNECTION=@OLD_COLLATION_CONNECTION */;
